email,lastName,firstName,middleName,semester,subjects,subjectType,course,seatNumber,batch
sejal.alpuria@somaiya.edu,Alpuria,Sejal,Mukesh,4,"[Inferential Statistics,Bioinformatics,Data Structure using Python,Data Warehouse and Data Mining,Data Visualization Using Tableau,Inferential Statistics,Bioinformatics,Data Structure using Python,Data Warehouse and Data Mining,Data Visualization Using Tableau]","[Theory,Theory,Theory,Theory,Theory,Practical,Practical,Practical,Practical,Practical]",Bachelor of Science Data Science,31013022032,"[1,1,1,1,1,1,1,1,1,1]"
krishiraj.b@somaiya.edu,Bhagat,Krishiraj,Vasudeo,4,"[Inferential Statistics,Bioinformatics,Data Structure using Python,Data Warehouse and Data Mining,Data Visualization Using Tableau,Inferential Statistics,Bioinformatics,Data Structure using Python,Data Warehouse and Data Mining,Data Visualization Using Tableau]","[Theory,Theory,Theory,Theory,Theory,Practical,Practical,Practical,Practical,Practical]",Bachelor of Science Data Science,31013022002,"[1,1,1,1,1,1,1,1,1,1]"
pradyumna.b@somaiya.edu,Bisht,Pradyumna,Rajdeep,4,"[Inferential Statistics,Bioinformatics,Data Structure using Python,Data Warehouse and Data Mining,Data Visualization Using Tableau,Inferential Statistics,Bioinformatics,Data Structure using Python,Data Warehouse and Data Mining,Data Visualization Using Tableau]","[Theory,Theory,Theory,Theory,Theory,Practical,Practical,Practical,Practical,Practical]",Bachelor of Science Data Science,31013022003,"[1,1,1,1,1,1,1,1,1,1]"
vedant.gavale@somaiya.edu,Gavale,Vedant,Umesh,4,"[Inferential Statistics,Bioinformatics,Data Structure using Python,Data Warehouse and Data Mining,Data Visualization Using Tableau,Inferential Statistics,Bioinformatics,Data Structure using Python,Data Warehouse and Data Mining,Data Visualization Using Tableau]","[Theory,Theory,Theory,Theory,Theory,Practical,Practical,Practical,Practical,Practical]",Bachelor of Science Data Science,31013022005,"[1,1,1,1,1,1,1,1,1,1]"
rashi.jodhavat@somaiya.edu,Jodhavat,Rashi,Sanjeet,4,"[Inferential Statistics,Bioinformatics,Data Structure using Python,Data Warehouse and Data Mining,Data Visualization Using Tableau,Inferential Statistics,Bioinformatics,Data Structure using Python,Data Warehouse and Data Mining,Data Visualization Using Tableau]","[Theory,Theory,Theory,Theory,Theory,Practical,Practical,Practical,Practical,Practical]",Bachelor of Science Data Science,31013022006,"[1,1,1,1,1,1,1,1,1,1]"
vedant.kadam@somaiya.edu,Kadam,Vedant,Santosh,4,"[Inferential Statistics,Bioinformatics,Data Structure using Python,Data Warehouse and Data Mining,Data Visualization Using Tableau,Inferential Statistics,Bioinformatics,Data Structure using Python,Data Warehouse and Data Mining,Data Visualization Using Tableau]","[Theory,Theory,Theory,Theory,Theory,Practical,Practical,Practical,Practical,Practical]",Bachelor of Science Data Science,31013022007,"[1,1,1,1,1,1,1,1,1,1]"
pratham.kotiya@somaiya.edu,Kotiya,Pratham,Mahesh,4,"[Inferential Statistics,Bioinformatics,Data Structure using Python,Data Warehouse and Data Mining,Data Visualization Using Tableau,Inferential Statistics,Bioinformatics,Data Structure using Python,Data Warehouse and Data Mining,Data Visualization Using Tableau]","[Theory,Theory,Theory,Theory,Theory,Practical,Practical,Practical,Practical,Practical]",Bachelor of Science Data Science,31013022008,"[1,1,1,1,1,1,1,1,1,1]"
shuchismita.m@somaiya.edu,Mandal,Shuchismita,Subhash,4,"[Inferential Statistics,Bioinformatics,Data Structure using Python,Data Warehouse and Data Mining,Data Visualization Using Tableau,Inferential Statistics,Bioinformatics,Data Structure using Python,Data Warehouse and Data Mining,Data Visualization Using Tableau]","[Theory,Theory,Theory,Theory,Theory,Practical,Practical,Practical,Practical,Practical]",Bachelor of Science Data Science,31013022009,"[1,1,1,1,1,1,1,1,1,1]"
anaiah.m@somaiya.edu,Miranda,Anaiah,Sanjay,4,"[Inferential Statistics,Bioinformatics,Data Structure using Python,Data Warehouse and Data Mining,Data Visualization Using Tableau,Inferential Statistics,Bioinformatics,Data Structure using Python,Data Warehouse and Data Mining,Data Visualization Using Tableau]","[Theory,Theory,Theory,Theory,Theory,Practical,Practical,Practical,Practical,Practical]",Bachelor of Science Data Science,31013022030,"[1,1,1,1,1,1,1,1,1,1]"
hashim.m@somaiya.edu,Mokashi,Hashim,Mohammad Hanif,4,"[Inferential Statistics,Bioinformatics,Data Structure using Python,Data Warehouse and Data Mining,Data Visualization Using Tableau,Inferential Statistics,Bioinformatics,Data Structure using Python,Data Warehouse and Data Mining,Data Visualization Using Tableau]","[Theory,Theory,Theory,Theory,Theory,Practical,Practical,Practical,Practical,Practical]",Bachelor of Science Data Science,31013022011,"[1,1,1,1,1,1,1,1,1,1]"
khushi.musterya@somaiya.edu,Musterya,Khushi,Devendra,4,"[Inferential Statistics,Bioinformatics,Data Structure using Python,Data Warehouse and Data Mining,Data Visualization Using Tableau,Inferential Statistics,Bioinformatics,Data Structure using Python,Data Warehouse and Data Mining,Data Visualization Using Tableau]","[Theory,Theory,Theory,Theory,Theory,Practical,Practical,Practical,Practical,Practical]",Bachelor of Science Data Science,31013022013,"[1,1,1,1,1,1,1,1,1,1]"
krisha.kp@somaiya.edu,Patel,Krisha,Karsan,4,"[Inferential Statistics,Bioinformatics,Data Structure using Python,Data Warehouse and Data Mining,Data Visualization Using Tableau,Inferential Statistics,Bioinformatics,Data Structure using Python,Data Warehouse and Data Mining,Data Visualization Using Tableau]","[Theory,Theory,Theory,Theory,Theory,Practical,Practical,Practical,Practical,Practical]",Bachelor of Science Data Science,31013022015,"[1,1,1,1,1,1,1,1,1,1]"
taher.poonawala@somaiya.edu,Poonawala,Taher,Husaini,4,"[Inferential Statistics,Bioinformatics,Data Structure using Python,Data Warehouse and Data Mining,Data Visualization Using Tableau,Inferential Statistics,Bioinformatics,Data Structure using Python,Data Warehouse and Data Mining,Data Visualization Using Tableau]","[Theory,Theory,Theory,Theory,Theory,Practical,Practical,Practical,Practical,Practical]",Bachelor of Science Data Science,31013022016,"[1,1,1,1,1,1,1,1,1,1]"
shaurya.roy@somaiya.edu,Roy,Shaurya,Kumar,4,"[Inferential Statistics,Bioinformatics,Data Structure using Python,Data Warehouse and Data Mining,Data Visualization Using Tableau,Inferential Statistics,Bioinformatics,Data Structure using Python,Data Warehouse and Data Mining,Data Visualization Using Tableau]","[Theory,Theory,Theory,Theory,Theory,Practical,Practical,Practical,Practical,Practical]",Bachelor of Science Data Science,31013022017,"[1,1,1,1,1,1,1,1,1,1]"
shubh.ruia@somaiya.edu,Ruia,Shubh,Somnath,4,"[Inferential Statistics,Bioinformatics,Data Structure using Python,Data Warehouse and Data Mining,Data Visualization Using Tableau,Inferential Statistics,Bioinformatics,Data Structure using Python,Data Warehouse and Data Mining,Data Visualization Using Tableau]","[Theory,Theory,Theory,Theory,Theory,Practical,Practical,Practical,Practical,Practical]",Bachelor of Science Data Science,31013022018,"[1,1,1,1,1,1,1,1,1,1]"
almas.shaikh@somaiya.edu,Shaikh,Almas,Nafisuddin,4,"[Inferential Statistics,Bioinformatics,Data Structure using Python,Data Warehouse and Data Mining,Data Visualization Using Tableau,Inferential Statistics,Bioinformatics,Data Structure using Python,Data Warehouse and Data Mining,Data Visualization Using Tableau]","[Theory,Theory,Theory,Theory,Theory,Practical,Practical,Practical,Practical,Practical]",Bachelor of Science Data Science,31013022028,"[1,1,1,1,1,1,1,1,1,1]"
janhavi.sikarwar@somaiya.edu,Sikarwar,Janhavi,,4,"[Inferential Statistics,Bioinformatics,Data Structure using Python,Data Warehouse and Data Mining,Data Visualization Using Tableau,Inferential Statistics,Bioinformatics,Data Structure using Python,Data Warehouse and Data Mining,Data Visualization Using Tableau]","[Theory,Theory,Theory,Theory,Theory,Practical,Practical,Practical,Practical,Practical]",Bachelor of Science Data Science,31013022021,"[1,1,1,1,1,1,1,1,1,1]"
bhoomi.s@somaiya.edu,Singh,Bhoomi,Firtu,4,"[Inferential Statistics,Bioinformatics,Data Structure using Python,Data Warehouse and Data Mining,Data Visualization Using Tableau,Inferential Statistics,Bioinformatics,Data Structure using Python,Data Warehouse and Data Mining,Data Visualization Using Tableau]","[Theory,Theory,Theory,Theory,Theory,Practical,Practical,Practical,Practical,Practical]",Bachelor of Science Data Science,31013022022,"[1,1,1,1,1,1,1,1,1,1]"
britti.vora@somaiya.edu,Vora,Britti,Paras,4,"[Inferential Statistics,Bioinformatics,Data Structure using Python,Data Warehouse and Data Mining,Data Visualization Using Tableau,Inferential Statistics,Bioinformatics,Data Structure using Python,Data Warehouse and Data Mining,Data Visualization Using Tableau]","[Theory,Theory,Theory,Theory,Theory,Practical,Practical,Practical,Practical,Practical]",Bachelor of Science Data Science,31013022024,"[1,1,1,1,1,1,1,1,1,1]"
lalit.y@somaiya.edu,Yangaldas,Lalit,Kumar,4,"[Inferential Statistics,Bioinformatics,Data Structure using Python,Data Warehouse and Data Mining,Data Visualization Using Tableau,Inferential Statistics,Bioinformatics,Data Structure using Python,Data Warehouse and Data Mining,Data Visualization Using Tableau]","[Theory,Theory,Theory,Theory,Theory,Practical,Practical,Practical,Practical,Practical]",Bachelor of Science Data Science,31013022025,"[1,1,1,1,1,1,1,1,1,1]"
jay.hc@somaiya.edu,Choudhary,Jay,Hitesh,4,"[Inferential Statistics,Bioinformatics,Data Structure using Python,Data Warehouse and Data Mining,Data Visualization Using Tableau,Inferential Statistics,Bioinformatics,Data Structure using Python,Data Warehouse and Data Mining,Data Visualization Using Tableau]","[Theory,Theory,Theory,Theory,Theory,Practical,Practical,Practical,Practical,Practical]",Bachelor of Science Data Science,31013022026,"[1,1,1,1,1,1,1,1,1,1]"
sahil.mony@somaiya.edu,Mony,Sahil,,4,"[Inferential Statistics,Bioinformatics,Data Structure using Python,Data Warehouse and Data Mining,Data Visualization Using Tableau,Inferential Statistics,Bioinformatics,Data Structure using Python,Data Warehouse and Data Mining,Data Visualization Using Tableau]","[Theory,Theory,Theory,Theory,Theory,Practical,Practical,Practical,Practical,Practical]",Bachelor of Science Data Science,31013022012,"[1,1,1,1,1,1,1,1,1,1]"
huzaifa.sayed@somaiya.edu,Sayed,Huzaifa,Javed,4,"[Inferential Statistics,Bioinformatics,Data Structure using Python,Data Warehouse and Data Mining,Data Visualization Using Tableau,Inferential Statistics,Bioinformatics,Data Structure using Python,Data Warehouse and Data Mining,Data Visualization Using Tableau]","[Theory,Theory,Theory,Theory,Theory,Practical,Practical,Practical,Practical,Practical]",Bachelor of Science Data Science,31013022019,"[1,1,1,1,1,1,1,1,1,1]"
shaikh.a@somaiya.edu,Shaikh,Mohammed Amaan,Mohammed Ashfak,4,"[Inferential Statistics,Bioinformatics,Data Structure using Python,Data Warehouse and Data Mining,Data Visualization Using Tableau,Inferential Statistics,Bioinformatics,Data Structure using Python,Data Warehouse and Data Mining,Data Visualization Using Tableau]","[Theory,Theory,Theory,Theory,Theory,Practical,Practical,Practical,Practical,Practical]",Bachelor of Science Data Science,31013022001,"[1,1,1,1,1,1,1,1,1,1]"
sujal.shetty@somaiya.edu,Shetty,Sujal,Suresh,4,"[Inferential Statistics,Bioinformatics,Data Structure using Python,Data Warehouse and Data Mining,Data Visualization Using Tableau,Inferential Statistics,Bioinformatics,Data Structure using Python,Data Warehouse and Data Mining,Data Visualization Using Tableau]","[Theory,Theory,Theory,Theory,Theory,Practical,Practical,Practical,Practical,Practical]",Bachelor of Science Data Science,31013022031,"[1,1,1,1,1,1,1,1,1,1]"
janvi.n@somaiya.edu,Narshana,Janvi,Suman,4,"[Inferential Statistics,Bioinformatics,Data Structure using Python,Data Warehouse and Data Mining,Data Visualization Using Tableau,Inferential Statistics,Bioinformatics,Data Structure using Python,Data Warehouse and Data Mining,Data Visualization Using Tableau]","[Theory,Theory,Theory,Theory,Theory,Practical,Practical,Practical,Practical,Practical]",Bachelor of Science Data Science,31013022014,"[1,1,1,1,1,1,1,1,1,1]"
harsh.thavai@somaiya.edu,Thavai,Harsh,Nitin,4,"[Inferential Statistics,Bioinformatics,Data Structure using Python,Data Warehouse and Data Mining,Data Visualization Using Tableau,Inferential Statistics,Bioinformatics,Data Structure using Python,Data Warehouse and Data Mining,Data Visualization Using Tableau]","[Theory,Theory,Theory,Theory,Theory,Practical,Practical,Practical,Practical,Practical]",Bachelor of Science Data Science,31013022023,"[1,1,1,1,1,1,1,1,1,1]"
nikita.shah@somaiya.edu,Shah,Nikita,Vipul,4,"[Inferential Statistics,Bioinformatics,Data Structure using Python,Data Warehouse and Data Mining,Data Visualization Using Tableau,Inferential Statistics,Bioinformatics,Data Structure using Python,Data Warehouse and Data Mining,Data Visualization Using Tableau]","[Theory,Theory,Theory,Theory,Theory,Practical,Practical,Practical,Practical,Practical]",Bachelor of Science Data Science,31013022020,"[1,1,1,1,1,1,1,1,1,1]"