email,name,semester,subjects,subjectType,course,seatNumber,batch
aarav.barge@somaiya.edu,Aarav Sanjay Barge,1,"[Calculus,Calculus,Foundation of Descriptive Statistcis,Foundation of Descriptive Statistics,Professional Skill I,Data Management using Spreadsheet,Data Management using Spreadsheet,Introduction to programming through Python,Introduction to programming through Python,Constitution and Public Policy]","[Theory,Practical,Theory,Practical,Theory,Theory,Practical,Theory,Practical,Theory]",Bachelor of Science (Data Science),31013024001,"[1,1,1,1,1,1,1,1,1,1]"
rahul.barot@somaiya.edu,Rahul Jayesh Barot,1,"[Calculus,Calculus,Foundation of Descriptive Statistcis,Foundation of Descriptive Statistics,Professional Skill I,Data Management using Spreadsheet,Data Management using Spreadsheet,Introduction to programming through Python,Introduction to programming through Python,Constitution and Public Policy]","[Theory,Practical,Theory,Practical,Theory,Theory,Practical,Theory,Practical,Theory]",Bachelor of Science (Data Science),31013024002,"[1,1,1,1,1,1,1,1,1,1]"
nidhi.bhatkar@somaiya.edu,Nidhi  Bhatkar,1,"[Calculus,Calculus,Foundation of Descriptive Statistcis,Foundation of Descriptive Statistics,Professional Skill I,Data Management using Spreadsheet,Data Management using Spreadsheet,Introduction to programming through Python,Introduction to programming through Python,Constitution and Public Policy]","[Theory,Practical,Theory,Practical,Theory,Theory,Practical,Theory,Practical,Theory]",Bachelor of Science (Data Science),31013024003,"[1,1,1,1,1,1,1,1,1,1]"
arjun.chandan@somaiya.edu,Arjun Rajesh Chandan,1,"[Calculus,Calculus,Foundation of Descriptive Statistcis,Foundation of Descriptive Statistics,Professional Skill I,Data Management using Spreadsheet,Data Management using Spreadsheet,Introduction to programming through Python,Introduction to programming through Python,Constitution and Public Policy]","[Theory,Practical,Theory,Practical,Theory,Theory,Practical,Theory,Practical,Theory]",Bachelor of Science (Data Science),31013024004,"[1,1,1,1,1,1,1,1,1,1]"
chaitali.chavan@somaiya.edu,Chaitali Jayant Chavan,1,"[Calculus,Calculus,Foundation of Descriptive Statistcis,Foundation of Descriptive Statistics,Professional Skill I,Data Management using Spreadsheet,Data Management using Spreadsheet,Introduction to programming through Python,Introduction to programming through Python,Constitution and Public Policy]","[Theory,Practical,Theory,Practical,Theory,Theory,Practical,Theory,Practical,Theory]",Bachelor of Science (Data Science),31013024005,"[1,1,1,1,1,1,1,1,1,1]"
a.chettiparambil@somaiya.edu,Ayush Vinod Chettiparambil,1,"[Calculus,Calculus,Foundation of Descriptive Statistcis,Foundation of Descriptive Statistics,Professional Skill I,Data Management using Spreadsheet,Data Management using Spreadsheet,Introduction to programming through Python,Introduction to programming through Python,Constitution and Public Policy]","[Theory,Practical,Theory,Practical,Theory,Theory,Practical,Theory,Practical,Theory]",Bachelor of Science (Data Science),31013024006,"[1,1,1,1,1,1,1,1,1,1]"
adi.dakhway@somaiya.edu,Adi Amir Dakhway,1,"[Calculus,Calculus,Foundation of Descriptive Statistcis,Foundation of Descriptive Statistics,Professional Skill I,Data Management using Spreadsheet,Data Management using Spreadsheet,Introduction to programming through Python,Introduction to programming through Python,Constitution and Public Policy]","[Theory,Practical,Theory,Practical,Theory,Theory,Practical,Theory,Practical,Theory]",Bachelor of Science (Data Science),31013024007,"[1,1,1,1,1,1,1,1,1,1]"
atharva.vd@somaiya.edu,Atharva Vikas Dalvi,1,"[Calculus,Calculus,Foundation of Descriptive Statistcis,Foundation of Descriptive Statistics,Professional Skill I,Data Management using Spreadsheet,Data Management using Spreadsheet,Introduction to programming through Python,Introduction to programming through Python,Constitution and Public Policy]","[Theory,Practical,Theory,Practical,Theory,Theory,Practical,Theory,Practical,Theory]",Bachelor of Science (Data Science),31013024008,"[1,1,1,1,1,1,1,1,1,1]"
a.gaikwad@somaiya.edu,Abhishek Rajendra Gaikwad,1,"[Calculus,Calculus,Foundation of Descriptive Statistcis,Foundation of Descriptive Statistics,Professional Skill I,Data Management using Spreadsheet,Data Management using Spreadsheet,Introduction to programming through Python,Introduction to programming through Python,Constitution and Public Policy]","[Theory,Practical,Theory,Practical,Theory,Theory,Practical,Theory,Practical,Theory]",Bachelor of Science (Data Science),31013024009,"[1,1,1,1,1,1,1,1,1,1]"
shreya.gohil@somaiya.edu,Shreya Dipesh Gohil,1,"[Calculus,Calculus,Foundation of Descriptive Statistcis,Foundation of Descriptive Statistics,Professional Skill I,Data Management using Spreadsheet,Data Management using Spreadsheet,Introduction to programming through Python,Introduction to programming through Python,Constitution and Public Policy]","[Theory,Practical,Theory,Practical,Theory,Theory,Practical,Theory,Practical,Theory]",Bachelor of Science (Data Science),31013024010,"[1,1,1,1,1,1,1,1,1,1]"
d.gowda@somaiya.edu,Dhwani Dhananjaya Gowda,1,"[Calculus,Calculus,Foundation of Descriptive Statistcis,Foundation of Descriptive Statistics,Professional Skill I,Data Management using Spreadsheet,Data Management using Spreadsheet,Introduction to programming through Python,Introduction to programming through Python,Constitution and Public Policy]","[Theory,Practical,Theory,Practical,Theory,Theory,Practical,Theory,Practical,Theory]",Bachelor of Science (Data Science),31013024011,"[1,1,1,1,1,1,1,1,1,1]"
aditya.indulkar@somaiya.edu,Aditya Kiran Indulkar,1,"[Calculus,Calculus,Foundation of Descriptive Statistcis,Foundation of Descriptive Statistics,Professional Skill I,Data Management using Spreadsheet,Data Management using Spreadsheet,Introduction to programming through Python,Introduction to programming through Python,Constitution and Public Policy]","[Theory,Practical,Theory,Practical,Theory,Theory,Practical,Theory,Practical,Theory]",Bachelor of Science (Data Science),31013024014,"[1,1,1,1,1,1,1,1,1,1]"
saloni10@somaiya.edu,Saloni  Kadam,1,"[Calculus,Calculus,Foundation of Descriptive Statistcis,Foundation of Descriptive Statistics,Professional Skill I,Data Management using Spreadsheet,Data Management using Spreadsheet,Introduction to programming through Python,Introduction to programming through Python,Constitution and Public Policy]","[Theory,Practical,Theory,Practical,Theory,Theory,Practical,Theory,Practical,Theory]",Bachelor of Science (Data Science),31013024015,"[1,1,1,1,1,1,1,1,1,1]"
aarya.kalbhor@somaiya.edu,Aarya Prakash Kalbhor,1,"[Calculus,Calculus,Foundation of Descriptive Statistcis,Foundation of Descriptive Statistics,Professional Skill I,Data Management using Spreadsheet,Data Management using Spreadsheet,Introduction to programming through Python,Introduction to programming through Python,Constitution and Public Policy]","[Theory,Practical,Theory,Practical,Theory,Theory,Practical,Theory,Practical,Theory]",Bachelor of Science (Data Science),31013024016,"[1,1,1,1,1,1,1,1,1,1]"
ananya.kundetkar@somaiya.edu,Ananya Nandan Kundetkar,1,"[Calculus,Calculus,Foundation of Descriptive Statistcis,Foundation of Descriptive Statistics,Professional Skill I,Data Management using Spreadsheet,Data Management using Spreadsheet,Introduction to programming through Python,Introduction to programming through Python,Constitution and Public Policy]","[Theory,Practical,Theory,Practical,Theory,Theory,Practical,Theory,Practical,Theory]",Bachelor of Science (Data Science),31013024017,"[1,1,1,1,1,1,1,1,1,1]"
shubham.maharana@somaiya.edu,Shubham Hrushikesha Maharana,1,"[Calculus,Calculus,Foundation of Descriptive Statistcis,Foundation of Descriptive Statistics,Professional Skill I,Data Management using Spreadsheet,Data Management using Spreadsheet,Introduction to programming through Python,Introduction to programming through Python,Constitution and Public Policy]","[Theory,Practical,Theory,Practical,Theory,Theory,Practical,Theory,Practical,Theory]",Bachelor of Science (Data Science),31013024018,"[1,1,1,1,1,1,1,1,1,1]"
dhruti.mahida@somaiya.edu,Dhruti Jignesh Mahida,1,"[Calculus,Calculus,Foundation of Descriptive Statistcis,Foundation of Descriptive Statistics,Professional Skill I,Data Management using Spreadsheet,Data Management using Spreadsheet,Introduction to programming through Python,Introduction to programming through Python,Constitution and Public Policy]","[Theory,Practical,Theory,Practical,Theory,Theory,Practical,Theory,Practical,Theory]",Bachelor of Science (Data Science),31013024019,"[1,1,1,1,1,1,1,1,1,1]"
chetna.m@somaiya.edu,Chetna  Malani,1,"[Calculus,Calculus,Foundation of Descriptive Statistcis,Foundation of Descriptive Statistics,Professional Skill I,Data Management using Spreadsheet,Data Management using Spreadsheet,Introduction to programming through Python,Introduction to programming through Python,Constitution and Public Policy]","[Theory,Practical,Theory,Practical,Theory,Theory,Practical,Theory,Practical,Theory]",Bachelor of Science (Data Science),31013024020,"[1,1,1,1,1,1,1,1,1,1]"
nalini.m@somaiya.edu,Nalini Ramesh Mishra,1,"[Calculus,Calculus,Foundation of Descriptive Statistcis,Foundation of Descriptive Statistics,Professional Skill I,Data Management using Spreadsheet,Data Management using Spreadsheet,Introduction to programming through Python,Introduction to programming through Python,Constitution and Public Policy]","[Theory,Practical,Theory,Practical,Theory,Theory,Practical,Theory,Practical,Theory]",Bachelor of Science (Data Science),31013024021,"[1,1,1,1,1,1,1,1,1,1]"
shivam.dm@somaiya.edu,Shivam Dayashankar Mishra,1,"[Calculus,Calculus,Foundation of Descriptive Statistcis,Foundation of Descriptive Statistics,Professional Skill I,Data Management using Spreadsheet,Data Management using Spreadsheet,Introduction to programming through Python,Introduction to programming through Python,Constitution and Public Policy]","[Theory,Practical,Theory,Practical,Theory,Theory,Practical,Theory,Practical,Theory]",Bachelor of Science (Data Science),31013024022,"[1,1,1,1,1,1,1,1,1,1]"
saniya.p@somaiya.edu,Saniya Pradeep Partole,1,"[Calculus,Calculus,Foundation of Descriptive Statistcis,Foundation of Descriptive Statistics,Professional Skill I,Data Management using Spreadsheet,Data Management using Spreadsheet,Introduction to programming through Python,Introduction to programming through Python,Constitution and Public Policy]","[Theory,Practical,Theory,Practical,Theory,Theory,Practical,Theory,Practical,Theory]",Bachelor of Science (Data Science),31013024023,"[1,1,1,1,1,1,1,1,1,1]"
pathak.an@somaiya.edu,Aman Narendra Pathak,1,"[Calculus,Calculus,Foundation of Descriptive Statistcis,Foundation of Descriptive Statistics,Professional Skill I,Data Management using Spreadsheet,Data Management using Spreadsheet,Introduction to programming through Python,Introduction to programming through Python,Constitution and Public Policy]","[Theory,Practical,Theory,Practical,Theory,Theory,Practical,Theory,Practical,Theory]",Bachelor of Science (Data Science),31013024024,"[1,1,1,1,1,1,1,1,1,1]"
parth.ap@somaiya.edu,Parth Atul Prajapati,1,"[Calculus,Calculus,Foundation of Descriptive Statistcis,Foundation of Descriptive Statistics,Professional Skill I,Data Management using Spreadsheet,Data Management using Spreadsheet,Introduction to programming through Python,Introduction to programming through Python,Constitution and Public Policy]","[Theory,Practical,Theory,Practical,Theory,Theory,Practical,Theory,Practical,Theory]",Bachelor of Science (Data Science),31013024025,"[1,1,1,1,1,1,1,1,1,1]"
jillian.r@somaiya.edu,Jillian  Rodrigues,1,"[Calculus,Calculus,Foundation of Descriptive Statistcis,Foundation of Descriptive Statistics,Professional Skill I,Data Management using Spreadsheet,Data Management using Spreadsheet,Introduction to programming through Python,Introduction to programming through Python,Constitution and Public Policy]","[Theory,Practical,Theory,Practical,Theory,Theory,Practical,Theory,Practical,Theory]",Bachelor of Science (Data Science),31013024026,"[1,1,1,1,1,1,1,1,1,1]"
kareena.r@somaiya.edu,Kareena Prakash Rohra,1,"[Calculus,Calculus,Foundation of Descriptive Statistcis,Foundation of Descriptive Statistics,Professional Skill I,Data Management using Spreadsheet,Data Management using Spreadsheet,Introduction to programming through Python,Introduction to programming through Python,Constitution and Public Policy]","[Theory,Practical,Theory,Practical,Theory,Theory,Practical,Theory,Practical,Theory]",Bachelor of Science (Data Science),31013024027,"[1,1,1,1,1,1,1,1,1,1]"
saniya10@somaiya.edu,Saniya Shahid Sayed,1,"[Calculus,Calculus,Foundation of Descriptive Statistcis,Foundation of Descriptive Statistics,Professional Skill I,Data Management using Spreadsheet,Data Management using Spreadsheet,Introduction to programming through Python,Introduction to programming through Python,Constitution and Public Policy]","[Theory,Practical,Theory,Practical,Theory,Theory,Practical,Theory,Practical,Theory]",Bachelor of Science (Data Science),31013024028,"[1,1,1,1,1,1,1,1,1,1]"
zaid.shah1@somaiya.edu,Zaid  Shah,1,"[Calculus,Calculus,Foundation of Descriptive Statistcis,Foundation of Descriptive Statistics,Professional Skill I,Data Management using Spreadsheet,Data Management using Spreadsheet,Introduction to programming through Python,Introduction to programming through Python,Constitution and Public Policy]","[Theory,Practical,Theory,Practical,Theory,Theory,Practical,Theory,Practical,Theory]",Bachelor of Science (Data Science),31013024029,"[1,1,1,1,1,1,1,1,1,1]"
mohammedrumaan.s@somaiya.edu,Mohammed Rumaan Shaikh,1,"[Calculus,Calculus,Foundation of Descriptive Statistcis,Foundation of Descriptive Statistics,Professional Skill I,Data Management using Spreadsheet,Data Management using Spreadsheet,Introduction to programming through Python,Introduction to programming through Python,Constitution and Public Policy]","[Theory,Practical,Theory,Practical,Theory,Theory,Practical,Theory,Practical,Theory]",Bachelor of Science (Data Science),31013024030,"[1,1,1,1,1,1,1,1,1,1]"
pragya.shaw@somaiya.edu,Pragya  Shaw,1,"[Calculus,Calculus,Foundation of Descriptive Statistcis,Foundation of Descriptive Statistics,Professional Skill I,Data Management using Spreadsheet,Data Management using Spreadsheet,Introduction to programming through Python,Introduction to programming through Python,Constitution and Public Policy]","[Theory,Practical,Theory,Practical,Theory,Theory,Practical,Theory,Practical,Theory]",Bachelor of Science (Data Science),31013024031,"[1,1,1,1,1,1,1,1,1,1]"
kashvi.shukla@somaiya.edu,Kashvi Kunal Shukla,1,"[Calculus,Calculus,Foundation of Descriptive Statistcis,Foundation of Descriptive Statistics,Professional Skill I,Data Management using Spreadsheet,Data Management using Spreadsheet,Introduction to programming through Python,Introduction to programming through Python,Constitution and Public Policy]","[Theory,Practical,Theory,Practical,Theory,Theory,Practical,Theory,Practical,Theory]",Bachelor of Science (Data Science),31013024032,"[1,1,1,1,1,1,1,1,1,1]"
varun.rs@somaiya.edu,Varun Rahul Singh,1,"[Calculus,Calculus,Foundation of Descriptive Statistcis,Foundation of Descriptive Statistics,Professional Skill I,Data Management using Spreadsheet,Data Management using Spreadsheet,Introduction to programming through Python,Introduction to programming through Python,Constitution and Public Policy]","[Theory,Practical,Theory,Practical,Theory,Theory,Practical,Theory,Practical,Theory]",Bachelor of Science (Data Science),31013024033,"[1,1,1,1,1,1,1,1,1,1]"
aviraj.sirohi@somaiya.edu,Aviraj  Sirohi,1,"[Calculus,Calculus,Foundation of Descriptive Statistcis,Foundation of Descriptive Statistics,Professional Skill I,Data Management using Spreadsheet,Data Management using Spreadsheet,Introduction to programming through Python,Introduction to programming through Python,Constitution and Public Policy]","[Theory,Practical,Theory,Practical,Theory,Theory,Practical,Theory,Practical,Theory]",Bachelor of Science (Data Science),31013024034,"[1,1,1,1,1,1,1,1,1,1]"
rajas.sontakke@somaiya.edu,Rajas Sunil Sontakke,1,"[Calculus,Calculus,Foundation of Descriptive Statistcis,Foundation of Descriptive Statistics,Professional Skill I,Data Management using Spreadsheet,Data Management using Spreadsheet,Introduction to programming through Python,Introduction to programming through Python,Constitution and Public Policy]","[Theory,Practical,Theory,Practical,Theory,Theory,Practical,Theory,Practical,Theory]",Bachelor of Science (Data Science),31013024035,"[1,1,1,1,1,1,1,1,1,1]"
sudesh.supal@somaiya.edu,Sudesh Arun Supal,1,"[Calculus,Calculus,Foundation of Descriptive Statistcis,Foundation of Descriptive Statistics,Professional Skill I,Data Management using Spreadsheet,Data Management using Spreadsheet,Introduction to programming through Python,Introduction to programming through Python,Constitution and Public Policy]","[Theory,Practical,Theory,Practical,Theory,Theory,Practical,Theory,Practical,Theory]",Bachelor of Science (Data Science),31013024036,"[1,1,1,1,1,1,1,1,1,1]"
samanyu.v@somaiya.edu,Samanyu Naresh Varekar,1,"[Calculus,Calculus,Foundation of Descriptive Statistcis,Foundation of Descriptive Statistics,Professional Skill I,Data Management using Spreadsheet,Data Management using Spreadsheet,Introduction to programming through Python,Introduction to programming through Python,Constitution and Public Policy]","[Theory,Practical,Theory,Practical,Theory,Theory,Practical,Theory,Practical,Theory]",Bachelor of Science (Data Science),31013024037,"[1,1,1,1,1,1,1,1,1,1]"
preeti.gorial@somaiya.edu,Preeti Mukesh Gorial,1,"[Calculus,Calculus,Foundation of Descriptive Statistcis,Foundation of Descriptive Statistics,Professional Skill I,Data Management using Spreadsheet,Data Management using Spreadsheet,Introduction to programming through Python,Introduction to programming through Python,Constitution and Public Policy]","[Theory,Practical,Theory,Practical,Theory,Theory,Practical,Theory,Practical,Theory]",Bachelor of Science (Data Science),31013024038,"[1,1,1,1,1,1,1,1,1,1]"
sajid.ak@somaiya.edu,Sajid Ahmed Khan,1,"[Calculus,Calculus,Foundation of Descriptive Statistcis,Foundation of Descriptive Statistics,Professional Skill I,Data Management using Spreadsheet,Data Management using Spreadsheet,Introduction to programming through Python,Introduction to programming through Python,Constitution and Public Policy]","[Theory,Practical,Theory,Practical,Theory,Theory,Practical,Theory,Practical,Theory]",Bachelor of Science (Data Science),31013024039,"[1,1,1,1,1,1,1,1,1,1]"
mohit.w@somaiya.edu,Mohit Prabhu Warungshe,1,"[Calculus,Calculus,Foundation of Descriptive Statistcis,Foundation of Descriptive Statistics,Professional Skill I,Data Management using Spreadsheet,Data Management using Spreadsheet,Introduction to programming through Python,Introduction to programming through Python,Constitution and Public Policy]","[Theory,Practical,Theory,Practical,Theory,Theory,Practical,Theory,Practical,Theory]",Bachelor of Science (Data Science),31013024041,"[1,1,1,1,1,1,1,1,1,1]"
shreyash.ahiwale@somaiya.edu,Shreyash Amol Ahiwale,1,"[Calculus,Calculus,Foundation of Descriptive Statistcis,Foundation of Descriptive Statistics,Professional Skill I,Data Management using Spreadsheet,Data Management using Spreadsheet,Introduction to programming through Python,Introduction to programming through Python,Constitution and Public Policy]","[Theory,Practical,Theory,Practical,Theory,Theory,Practical,Theory,Practical,Theory]",Bachelor of Science (Data Science),31013024042,"[1,1,1,1,1,1,1,1,1,1]"
akshat.bhomkar@somaiya.edu,Akshat Shrinivas Bhomkar,1,"[Calculus,Calculus,Foundation of Descriptive Statistcis,Foundation of Descriptive Statistics,Professional Skill I,Data Management using Spreadsheet,Data Management using Spreadsheet,Introduction to programming through Python,Introduction to programming through Python,Constitution and Public Policy]","[Theory,Practical,Theory,Practical,Theory,Theory,Practical,Theory,Practical,Theory]",Bachelor of Science (Data Science),31013024043,"[1,1,1,1,1,1,1,1,1,1]"
pallav.hiran@somaiya.edu,Pallav Mansukh Hiran,1,"[Calculus,Calculus,Foundation of Descriptive Statistcis,Foundation of Descriptive Statistics,Professional Skill I,Data Management using Spreadsheet,Data Management using Spreadsheet,Introduction to programming through Python,Introduction to programming through Python,Constitution and Public Policy]","[Theory,Practical,Theory,Practical,Theory,Theory,Practical,Theory,Practical,Theory]",Bachelor of Science (Data Science),31013024044,"[1,1,1,1,1,1,1,1,1,1]"
c.mahindrakar@somaiya.edu,Chaitanya Niraj Mahindrakar,1,"[Calculus,Calculus,Foundation of Descriptive Statistcis,Foundation of Descriptive Statistics,Professional Skill I,Data Management using Spreadsheet,Data Management using Spreadsheet,Introduction to programming through Python,Introduction to programming through Python,Constitution and Public Policy]","[Theory,Practical,Theory,Practical,Theory,Theory,Practical,Theory,Practical,Theory]",Bachelor of Science (Data Science),31013024045,"[1,1,1,1,1,1,1,1,1,1]"
shruti.m@somaiya.edu,Shruti Nitin Mohite,1,"[Calculus,Calculus,Foundation of Descriptive Statistcis,Foundation of Descriptive Statistics,Professional Skill I,Data Management using Spreadsheet,Data Management using Spreadsheet,Introduction to programming through Python,Introduction to programming through Python,Constitution and Public Policy]","[Theory,Practical,Theory,Practical,Theory,Theory,Practical,Theory,Practical,Theory]",Bachelor of Science (Data Science),31013024046,"[1,1,1,1,1,1,1,1,1,1]"
saurabh.mayekar@somaiya.edu,Saurabh Vinod Mayekar,1,"[Calculus,Calculus,Foundation of Descriptive Statistcis,Foundation of Descriptive Statistics,Professional Skill I,Data Management using Spreadsheet,Data Management using Spreadsheet,Introduction to programming through Python,Introduction to programming through Python,Constitution and Public Policy]","[Theory,Practical,Theory,Practical,Theory,Theory,Practical,Theory,Practical,Theory]",Bachelor of Science (Data Science),31013024048,"[1,1,1,1,1,1,1,1,1,1]"
vidhi.sharma@somaiya.edu,Vidhi Vijay Sharma,1,"[Calculus,Calculus,Foundation of Descriptive Statistcis,Foundation of Descriptive Statistics,Professional Skill I,Data Management using Spreadsheet,Data Management using Spreadsheet,Introduction to programming through Python,Introduction to programming through Python,Constitution and Public Policy]","[Theory,Practical,Theory,Practical,Theory,Theory,Practical,Theory,Practical,Theory]",Bachelor of Science (Data Science),31013024049,"[1,1,1,1,1,1,1,1,1,1]"
