email,firstName,middleName,lastName,semester,subjects,subjectType,course,seatNumber,batch
e.gada@somaiya.edu,Esha,Nilesh,Gada,3,"[Strategic Management, Capital Market, Retail Management, Logistics and SCM]","[Theory, Theory, Theory, Theory]",Master of Commerce (Business Management),31032323002,"[1, 1, 1, 1]"
h.joshi@somaiya.edu,Hetvi,Manish,Joshi,3,"[Strategic Management, Capital Market, Retail Management, Logistics and SCM]","[Theory, Theory, Theory, Theory]",Master of Commerce (Business Management),31032323004,"[1, 1, 1, 1]"
amrita.kamati@somaiya.edu,Amrita,Dilip,Kamati,3,"[Strategic Management, Capital Market, Retail Management, Logistics and SCM]","[Theory, Theory, Theory, Theory]",Master of Commerce (Business Management),31032323005,"[1, 1, 1, 1]"
shruti16@somaiya.edu,Shruti,Subhash,Patil,3,"[Strategic Management, Capital Market, Retail Management, Logistics and SCM]","[Theory, Theory, Theory, Theory]",Master of Commerce (Business Management),31032323007,"[1, 1, 1, 1]"
heenal.r@somaiya.edu,Heenal,Manoj,Rathod,3,"[Strategic Management, Capital Market, Retail Management, Logistics and SCM]","[Theory, Theory, Theory, Theory]",Master of Commerce (Business Management),31032323009,"[1, 1, 1, 1]"
naheed.shaikh@somaiya.edu,Naheed,Maqsud,Shaikh,3,"[Strategic Management, Capital Market, Retail Management, Logistics and SCM]","[Theory, Theory, Theory, Theory]",Master of Commerce (Business Management),31032323010,"[1, 1, 1, 1]"
chintamani.t@somaiya.edu,Chintamani,Suhas,Thorat,3,"[Strategic Management, Capital Market, Retail Management, Logistics and SCM]","[Theory, Theory, Theory, Theory]",Master of Commerce (Business Management),31032323011,"[1, 1, 1, 1]"
akhilesh.yadav@somaiya.edu,Akhilesh,Vijay,Yadav,3,"[Strategic Management, Capital Market, Retail Management, Logistics and SCM]","[Theory, Theory, Theory, Theory]",Master of Commerce (Business Management),31032323012,"[1, 1, 1, 1]"
kaushar.c@somaiya.edu,Kaushar,Abushahma,Chaudhari,3,"[Strategic Management, Capital Market, Retail Management, Logistics and SCM]","[Theory, Theory, Theory, Theory]",Master of Commerce (Business Management),31032323013,"[1, 1, 1, 1]"
