email,lastName,firstName,middleName,semester,subjects,subjectType,course,seatNumber
aditya.nadar@somaiya.edu,Nadar,Aditya,Kartiklingam,5,"Bioprocess technology, Recombinant DNA technology, Recombinant DNA technology, Bioprocess technology, Plant, Agriculture and Animal Biotechnology , Food Biotechnology , Plant, Agriculture and Animal Biotechnology , Food Biotechnology","Theory, Theory, Practical, Practical, Theory, Theory, Practical, Practical",Bachelor of Science (Biotechnology),31011322025
akanksha.vikhare@somaiya.edu,Vikhare,Akanksha,Subhashchandra,5,"Bioprocess technology, Recombinant DNA technology, Recombinant DNA technology, Bioprocess technology, Plant, Agriculture and Animal Biotechnology , Food Biotechnology , Plant, Agriculture and Animal Biotechnology , Food Biotechnology","Theory, Theory, Practical, Practical, Theory, Theory, Practical, Practical",Bachelor of Science (Biotechnology),31011322041
kashmira.g@somaiya.edu,Ghate,Kashmira,Prakash,5,"Bioprocess technology, Recombinant DNA technology, Recombinant DNA technology, Bioprocess technology, Plant, Agriculture and Animal Biotechnology , Food Biotechnology , Plant, Agriculture and Animal Biotechnology , Food Biotechnology","Theory, Theory, Practical, Practical, Theory, Theory, Practical, Practical",Bachelor of Science (Biotechnology),31011322042
ketana.r@somaiya.edu,Ramgade,Ketana,Shankar,5,"Bioprocess technology, Recombinant DNA technology, Recombinant DNA technology, Bioprocess technology, Plant, Agriculture and Animal Biotechnology , Food Biotechnology , Plant, Agriculture and Animal Biotechnology , Food Biotechnology","Theory, Theory, Practical, Practical, Theory, Theory, Practical, Practical",Bachelor of Science (Biotechnology),31011322031
nisha.bora@somaiya.edu,Bora,Nisha,Lalit,5,"Bioprocess technology, Recombinant DNA technology, Recombinant DNA technology, Bioprocess technology, Plant, Agriculture and Animal Biotechnology , Food Biotechnology , Plant, Agriculture and Animal Biotechnology , Food Biotechnology","Theory, Theory, Practical, Practical, Theory, Theory, Practical, Practical",Bachelor of Science (Biotechnology),31011322003
nitika.joshi@somaiya.edu,Joshi,Nitika,Pramod,5,"Bioprocess technology, Recombinant DNA technology, Recombinant DNA technology, Bioprocess technology, Plant, Agriculture and Animal Biotechnology , Food Biotechnology , Plant, Agriculture and Animal Biotechnology , Food Biotechnology","Theory, Theory, Practical, Practical, Theory, Theory, Practical, Practical",Bachelor of Science (Biotechnology),31011322016
samiksha.naik@somaiya.edu,Naik,Samiksha,Rupesh,5,"Bioprocess technology, Recombinant DNA technology, Recombinant DNA technology, Bioprocess technology, Plant, Agriculture and Animal Biotechnology , Food Biotechnology , Plant, Agriculture and Animal Biotechnology , Food Biotechnology","Theory, Theory, Practical, Practical, Theory, Theory, Practical, Practical",Bachelor of Science (Biotechnology),31011322026
sanika.kinekar@somaiya.edu,Kinekar,Sanika,Nilesh,5,"Bioprocess technology, Recombinant DNA technology, Recombinant DNA technology, Bioprocess technology, Plant, Agriculture and Animal Biotechnology , Food Biotechnology , Plant, Agriculture and Animal Biotechnology , Food Biotechnology","Theory, Theory, Practical, Practical, Theory, Theory, Practical, Practical",Bachelor of Science (Biotechnology),31011322019
sanskruthi.j@somaiya.edu,Jagadesh,Sanskruti,Jagadesh,5,"Bioprocess technology, Recombinant DNA technology, Recombinant DNA technology, Bioprocess technology, Plant, Agriculture and Animal Biotechnology , Food Biotechnology , Plant, Agriculture and Animal Biotechnology , Food Biotechnology","Theory, Theory, Practical, Practical, Theory, Theory, Practical, Practical",Bachelor of Science (Biotechnology),31011322014
shirley.r@somaiya.edu,Ramle,Shirley,Dinesh,5,"Bioprocess technology, Recombinant DNA technology, Recombinant DNA technology, Bioprocess technology, Plant, Agriculture and Animal Biotechnology , Food Biotechnology , Plant, Agriculture and Animal Biotechnology , Food Biotechnology","Theory, Theory, Practical, Practical, Theory, Theory, Practical, Practical",Bachelor of Science (Biotechnology),31011322044
shreya.ghate@somaiya.edu,Ghate,Shreya,Prakash,5,"Bioprocess technology, Recombinant DNA technology, Recombinant DNA technology, Bioprocess technology, Plant, Agriculture and Animal Biotechnology , Food Biotechnology , Plant, Agriculture and Animal Biotechnology , Food Biotechnology","Theory, Theory, Practical, Practical, Theory, Theory, Practical, Practical",Bachelor of Science (Biotechnology),31011322010
shruti.ghate@somaiya.edu,Ghate,Shruti,Prakash,5,"Bioprocess technology, Recombinant DNA technology, Recombinant DNA technology, Bioprocess technology, Plant, Agriculture and Animal Biotechnology , Food Biotechnology , Plant, Agriculture and Animal Biotechnology , Food Biotechnology","Theory, Theory, Practical, Practical, Theory, Theory, Practical, Practical",Bachelor of Science (Biotechnology),31011322011
sneha.sharma@somaiya.edu,Sharma,Sneha,Rajnikant,5,"Bioprocess technology, Recombinant DNA technology, Recombinant DNA technology, Bioprocess technology, Plant, Agriculture and Animal Biotechnology , Food Biotechnology , Plant, Agriculture and Animal Biotechnology , Food Biotechnology","Theory, Theory, Practical, Practical, Theory, Theory, Practical, Practical",Bachelor of Science (Biotechnology),31011322038
suchita.ds@somaiya.edu,Suryawanshi,Suchita,Dharmaraj,5,"Bioprocess technology, Recombinant DNA technology, Recombinant DNA technology, Bioprocess technology, Plant, Agriculture and Animal Biotechnology , Food Biotechnology , Plant, Agriculture and Animal Biotechnology , Food Biotechnology","Theory, Theory, Practical, Practical, Theory, Theory, Practical, Practical",Bachelor of Science (Biotechnology),31011322039
suhani.sp@somaiya.edu,Patel,Suhani,Shailesh,5,"Bioprocess technology, Recombinant DNA technology, Recombinant DNA technology, Bioprocess technology, Plant, Agriculture and Animal Biotechnology , Food Biotechnology , Plant, Agriculture and Animal Biotechnology , Food Biotechnology","Theory, Theory, Practical, Practical, Theory, Theory, Practical, Practical",Bachelor of Science (Biotechnology),31011322049
sunetra.sm@somaiya.edu,Mukherjee,Sunetra,Soumitra,5,"Bioprocess technology, Recombinant DNA technology, Recombinant DNA technology, Bioprocess technology, Plant, Agriculture and Animal Biotechnology , Food Biotechnology , Plant, Agriculture and Animal Biotechnology , Food Biotechnology","Theory, Theory, Practical, Practical, Theory, Theory, Practical, Practical",Bachelor of Science (Biotechnology),31011322024
tanvi.ayachit@somaiya.edu,Ayachit,Tanvi,Anand,5,"Bioprocess technology, Recombinant DNA technology, Recombinant DNA technology, Bioprocess technology, Plant, Agriculture and Animal Biotechnology , Food Biotechnology , Plant, Agriculture and Animal Biotechnology , Food Biotechnology","Theory, Theory, Practical, Practical, Theory, Theory, Practical, Practical",Bachelor of Science (Biotechnology),31011322002
tisha.parekh@somaiya.edu,Parekh,Tisha,Amitkumar,5,"Bioprocess technology, Recombinant DNA technology, Recombinant DNA technology, Bioprocess technology, Plant, Agriculture and Animal Biotechnology , Food Biotechnology , Plant, Agriculture and Animal Biotechnology , Food Biotechnology","Theory, Theory, Practical, Practical, Theory, Theory, Practical, Practical",Bachelor of Science (Biotechnology),31011322029
vratesh.c@somaiya.edu,Chettiyar,Vratesh,Dharmaraj,5,"Bioprocess technology, Recombinant DNA technology, Recombinant DNA technology, Bioprocess technology, Plant, Agriculture and Animal Biotechnology , Food Biotechnology , Plant, Agriculture and Animal Biotechnology , Food Biotechnology","Theory, Theory, Practical, Practical, Theory, Theory, Practical, Practical",Bachelor of Science (Biotechnology),31011322004
ankita.ss@somaiya.edu,Singh,Ankita,Sunil,3,"Bioinformatics and Omics, Bioprocess technology, Industrial, Environmental and nanotechnology, Plant, Algal and Agri-biotechnology, Plant, Algal and Agri-biotechnology, Animal Biotechnology, Animal Biotechnology, Bioinformatics and Omics, Bioprocess technology, Industrial, Environmental and nanotechnology","Theory, Theory, Theory, Theory, Practical, Theory, Practical, Practical, Practical, Practical",Master of Science (Biotechnology),31031623026
deepa.pandit@somaiya.edu,Pandit,Deepa,Raju,3,"Bioinformatics and Omics, Bioprocess technology, Industrial, Environmental and nanotechnology, Plant, Algal and Agri-biotechnology, Plant, Algal and Agri-biotechnology, Animal Biotechnology, Animal Biotechnology, Bioinformatics and Omics, Bioprocess technology, Industrial, Environmental and nanotechnology","Theory, Theory, Theory, Theory, Practical, Theory, Practical, Practical, Practical, Practical",Master of Science (Biotechnology),31031623016
drishya.nair@somaiya.edu,Nair,Drishya,Devadasan,3,"Bioinformatics and Omics, Bioprocess technology, Industrial, Environmental and nanotechnology, Plant, Algal and Agri-biotechnology, Plant, Algal and Agri-biotechnology, Animal Biotechnology, Animal Biotechnology, Bioinformatics and Omics, Bioprocess technology, Industrial, Environmental and nanotechnology","Theory, Theory, Theory, Theory, Practical, Theory, Practical, Practical, Practical, Practical",Master of Science (Biotechnology),31031623014
febin.v@somaiya.edu,Vembanattathuvilayli,Febin,Jose,3,"Bioinformatics and Omics, Bioprocess technology, Industrial, Environmental and nanotechnology, Plant, Algal and Agri-biotechnology, Plant, Algal and Agri-biotechnology, Animal Biotechnology, Animal Biotechnology, Bioinformatics and Omics, Bioprocess technology, Industrial, Environmental and nanotechnology","Theory, Theory, Theory, Theory, Practical, Theory, Practical, Practical, Practical, Practical",Master of Science (Biotechnology),31031623030
harshali.r@somaiya.edu,Rathod,Harshali,Dnyaneshwar,3,"Bioinformatics and Omics, Bioprocess technology, Industrial, Environmental and nanotechnology, Plant, Algal and Agri-biotechnology, Plant, Algal and Agri-biotechnology, Animal Biotechnology, Animal Biotechnology, Bioinformatics and Omics, Bioprocess technology, Industrial, Environmental and nanotechnology","Theory, Theory, Theory, Theory, Practical, Theory, Practical, Practical, Practical, Practical",Master of Science (Biotechnology),31031623019
hrutika.t@somaiya.edu,Tawde,Hrutika,Ratish,3,"Bioinformatics and Omics, Bioprocess technology, Industrial, Environmental and nanotechnology, Plant, Algal and Agri-biotechnology, Plant, Algal and Agri-biotechnology, Animal Biotechnology, Animal Biotechnology, Bioinformatics and Omics, Bioprocess technology, Industrial, Environmental and nanotechnology","Theory, Theory, Theory, Theory, Practical, Theory, Practical, Practical, Practical, Practical",Master of Science (Biotechnology),31031623028
isha.shendye@somaiya.edu,Shendye,Isha,Jayant,3,"Bioinformatics and Omics, Bioprocess technology, Industrial, Environmental and nanotechnology, Plant, Algal and Agri-biotechnology, Plant, Algal and Agri-biotechnology, Animal Biotechnology, Animal Biotechnology, Bioinformatics and Omics, Bioprocess technology, Industrial, Environmental and nanotechnology","Theory, Theory, Theory, Theory, Practical, Theory, Practical, Practical, Practical, Practical",Master of Science (Biotechnology),31031623024
j.shaikh@somaiya.edu,Shaikh,Jasmine,Hamid,3,"Bioinformatics and Omics, Bioprocess technology, Industrial, Environmental and nanotechnology, Plant, Algal and Agri-biotechnology, Plant, Algal and Agri-biotechnology, Animal Biotechnology, Animal Biotechnology, Bioinformatics and Omics, Bioprocess technology, Industrial, Environmental and nanotechnology","Theory, Theory, Theory, Theory, Practical, Theory, Practical, Practical, Practical, Practical",Master of Science (Biotechnology),31031623023
k.gohil@somaiya.edu,Gohil,Kinjal,Dilip,3,"Bioinformatics and Omics, Bioprocess technology, Industrial, Environmental and nanotechnology, Plant, Algal and Agri-biotechnology, Plant, Algal and Agri-biotechnology, Animal Biotechnology, Animal Biotechnology, Bioinformatics and Omics, Bioprocess technology, Industrial, Environmental and nanotechnology","Theory, Theory, Theory, Theory, Practical, Theory, Practical, Practical, Practical, Practical",Master of Science (Biotechnology),31031623005
k.polisetti@somaiya.edu,Polisetti,Krishna,Srinivasa Ramakrishna,3,"Bioinformatics and Omics, Bioprocess technology, Industrial, Environmental and nanotechnology, Plant, Algal and Agri-biotechnology, Plant, Algal and Agri-biotechnology, Animal Biotechnology, Animal Biotechnology, Bioinformatics and Omics, Bioprocess technology, Industrial, Environmental and nanotechnology","Theory, Theory, Theory, Theory, Practical, Theory, Practical, Practical, Practical, Practical",Master of Science (Biotechnology),31031623017
k.prabhudessai@somaiya.edu,Prabhudessai,Kirthi,Shambhu,3,"Bioinformatics and Omics, Bioprocess technology, Industrial, Environmental and nanotechnology, Plant, Algal and Agri-biotechnology, Plant, Algal and Agri-biotechnology, Animal Biotechnology, Animal Biotechnology, Bioinformatics and Omics, Bioprocess technology, Industrial, Environmental and nanotechnology","Theory, Theory, Theory, Theory, Practical, Theory, Practical, Practical, Practical, Practical",Master of Science (Biotechnology),31031623018
kavita.g@somaiya.edu,Gowda,Kavita,Devaraj,3,"Bioinformatics and Omics, Bioprocess technology, Industrial, Environmental and nanotechnology, Plant, Algal and Agri-biotechnology, Plant, Algal and Agri-biotechnology, Animal Biotechnology, Animal Biotechnology, Bioinformatics and Omics, Bioprocess technology, Industrial, Environmental and nanotechnology","Theory, Theory, Theory, Theory, Practical, Theory, Practical, Practical, Practical, Practical",Master of Science (Biotechnology),31031623006
manika.s@somaiya.edu,Sawant,Manika,Anil,3,"Bioinformatics and Omics, Bioprocess technology, Industrial, Environmental and nanotechnology, Plant, Algal and Agri-biotechnology, Plant, Algal and Agri-biotechnology, Animal Biotechnology, Animal Biotechnology, Bioinformatics and Omics, Bioprocess technology, Industrial, Environmental and nanotechnology","Theory, Theory, Theory, Theory, Practical, Theory, Practical, Practical, Practical, Practical",Master of Science (Biotechnology),31031623022
manisha.saroj@somaiya.edu,Saroj,Manisha,Omkar,3,"Bioinformatics and Omics, Bioprocess technology, Industrial, Environmental and nanotechnology, Plant, Algal and Agri-biotechnology, Plant, Algal and Agri-biotechnology, Animal Biotechnology, Animal Biotechnology, Bioinformatics and Omics, Bioprocess technology, Industrial, Environmental and nanotechnology","Theory, Theory, Theory, Theory, Practical, Theory, Practical, Practical, Practical, Practical",Master of Science (Biotechnology),31031623021
nitu.mishra@somaiya.edu,Mishra,Nitu,Gangesh,3,"Bioinformatics and Omics, Bioprocess technology, Industrial, Environmental and nanotechnology, Plant, Algal and Agri-biotechnology, Plant, Algal and Agri-biotechnology, Animal Biotechnology, Animal Biotechnology, Bioinformatics and Omics, Bioprocess technology, Industrial, Environmental and nanotechnology","Theory, Theory, Theory, Theory, Practical, Theory, Practical, Practical, Practical, Practical",Master of Science (Biotechnology),31031623013
pratahswa.g@somaiya.edu,Gohain,Pratahswa,Priyadarshini,3,"Bioinformatics and Omics, Bioprocess technology, Industrial, Environmental and nanotechnology, Plant, Algal and Agri-biotechnology, Plant, Algal and Agri-biotechnology, Animal Biotechnology, Animal Biotechnology, Bioinformatics and Omics, Bioprocess technology, Industrial, Environmental and nanotechnology","Theory, Theory, Theory, Theory, Practical, Theory, Practical, Practical, Practical, Practical",Master of Science (Biotechnology),31031623004
rucha.dasari@somaiya.edu,Dasari,Rucha,Venkatram,3,"Bioinformatics and Omics, Bioprocess technology, Industrial, Environmental and nanotechnology, Plant, Algal and Agri-biotechnology, Plant, Algal and Agri-biotechnology, Animal Biotechnology, Animal Biotechnology, Bioinformatics and Omics, Bioprocess technology, Industrial, Environmental and nanotechnology","Theory, Theory, Theory, Theory, Practical, Theory, Practical, Practical, Practical, Practical",Master of Science (Biotechnology),31031623003
s.vaingankar@somaiya.edu,Vaingankar,Srushti,Sujay,3,"Bioinformatics and Omics, Bioprocess technology, Industrial, Environmental and nanotechnology, Plant, Algal and Agri-biotechnology, Plant, Algal and Agri-biotechnology, Animal Biotechnology, Animal Biotechnology, Bioinformatics and Omics, Bioprocess technology, Industrial, Environmental and nanotechnology","Theory, Theory, Theory, Theory, Practical, Theory, Practical, Practical, Practical, Practical",Master of Science (Biotechnology),31031623029
sarvesh.j@somaiya.edu,Joshi,Sarvesh,Anand,3,"Bioinformatics and Omics, Bioprocess technology, Industrial, Environmental and nanotechnology, Plant, Algal and Agri-biotechnology, Plant, Algal and Agri-biotechnology, Animal Biotechnology, Animal Biotechnology, Bioinformatics and Omics, Bioprocess technology, Industrial, Environmental and nanotechnology","Theory, Theory, Theory, Theory, Practical, Theory, Practical, Practical, Practical, Practical",Master of Science (Biotechnology),31031623008
savri.kadam@somaiya.edu,Kadam,Savri,Santosh,3,"Bioinformatics and Omics, Bioprocess technology, Industrial, Environmental and nanotechnology, Plant, Algal and Agri-biotechnology, Plant, Algal and Agri-biotechnology, Animal Biotechnology, Animal Biotechnology, Bioinformatics and Omics, Bioprocess technology, Industrial, Environmental and nanotechnology","Theory, Theory, Theory, Theory, Practical, Theory, Practical, Practical, Practical, Practical",Master of Science (Biotechnology),31031623009
shivam.mestry@somaiya.edu,Mestry,Shivam,Premnath,3,"Bioinformatics and Omics, Bioprocess technology, Industrial, Environmental and nanotechnology, Plant, Algal and Agri-biotechnology, Plant, Algal and Agri-biotechnology, Animal Biotechnology, Animal Biotechnology, Bioinformatics and Omics, Bioprocess technology, Industrial, Environmental and nanotechnology","Theory, Theory, Theory, Theory, Practical, Theory, Practical, Practical, Practical, Practical",Master of Science (Biotechnology),31031623011
snehaelsashibu.m@somaiya.edu,,Sneha Elsa Shibu,,3,"Bioinformatics and Omics, Bioprocess technology, Industrial, Environmental and nanotechnology, Plant, Algal and Agri-biotechnology, Plant, Algal and Agri-biotechnology, Animal Biotechnology, Animal Biotechnology, Bioinformatics and Omics, Bioprocess technology, Industrial, Environmental and nanotechnology","Theory, Theory, Theory, Theory, Practical, Theory, Practical, Practical, Practical, Practical",Master of Science (Biotechnology),31031623031
tanaya.salvi@somaiya.edu,Salvi,Tanaya,Shyam,3,"Bioinformatics and Omics, Bioprocess technology, Industrial, Environmental and nanotechnology, Plant, Algal and Agri-biotechnology, Plant, Algal and Agri-biotechnology, Animal Biotechnology, Animal Biotechnology, Bioinformatics and Omics, Bioprocess technology, Industrial, Environmental and nanotechnology","Theory, Theory, Theory, Theory, Practical, Theory, Practical, Practical, Practical, Practical",Master of Science (Biotechnology),31031623020
tanvi.shinde@somaiya.edu,Shinde,Tanvi,Pravin,3,"Bioinformatics and Omics, Bioprocess technology, Industrial, Environmental and nanotechnology, Plant, Algal and Agri-biotechnology, Plant, Algal and Agri-biotechnology, Animal Biotechnology, Animal Biotechnology, Bioinformatics and Omics, Bioprocess technology, Industrial, Environmental and nanotechnology","Theory, Theory, Theory, Theory, Practical, Theory, Practical, Practical, Practical, Practical",Master of Science (Biotechnology),31031623025
tushar.kanojia@somaiya.edu,Kanojia,Tushar,Vijaykumar,3,"Bioinformatics and Omics, Bioprocess technology, Industrial, Environmental and nanotechnology, Plant, Algal and Agri-biotechnology, Plant, Algal and Agri-biotechnology, Animal Biotechnology, Animal Biotechnology, Bioinformatics and Omics, Bioprocess technology, Industrial, Environmental and nanotechnology","Theory, Theory, Theory, Theory, Practical, Theory, Practical, Practical, Practical, Practical",Master of Science (Biotechnology),31031623010
harshada.ds@somaiya.edu,Sawant,Harshada,Deepak,3,"Technoeconomical aspects of industrial biotechnology, Research methodology and Intellectual Property, Biostatistics, Bioethics and Bio-safety","Theory, Theory, Theory",Master of Science (Industrial Biotechnology),31016923007
kinjal.k@somaiya.edu,Katelia,Kinjal,Shashikant,3,"Technoeconomical aspects of industrial biotechnology, Research methodology and Intellectual Property, Biostatistics, Bioethics and Bio-safety","Theory, Theory, Theory",Master of Science (Industrial Biotechnology),31016923004
m.t@somaiya.edu,Dadarkar,Tanvi,Milind,3,"Technoeconomical aspects of industrial biotechnology, Research methodology and Intellectual Property, Biostatistics, Bioethics and Bio-safety","Theory, Theory, Theory",Master of Science (Industrial Biotechnology),31016923008
revant.r@somaiya.edu,Rajguru,Revant,Vinod,3,"Technoeconomical aspects of industrial biotechnology, Research methodology and Intellectual Property, Biostatistics, Bioethics and Bio-safety","Theory, Theory, Theory",Master of Science (Industrial Biotechnology),31016923006
ritika.bane@somaiya.edu,Bane,Ritika,Jitendra,3,"Technoeconomical aspects of industrial biotechnology, Research methodology and Intellectual Property, Biostatistics, Bioethics and Bio-safety","Theory, Theory, Theory",Master of Science (Industrial Biotechnology),31016923001
salil.g@somaiya.edu,Ghadigaonkar,Salil,Sanjay,3,"Technoeconomical aspects of industrial biotechnology, Research methodology and Intellectual Property, Biostatistics, Bioethics and Bio-safety","Theory, Theory, Theory",Master of Science (Industrial Biotechnology),31016923002
barnali.jana@somaiya.edu,Jana,Barnali,Swapan,3,"Sensory evaluation, toxicology, food additives, Sensory evaluation, toxicology, food additives, QA/QC and intellectual property rights, Packaging and Marketing of Nutraceutical products, Packaging and Marketing of Nutraceutical products, Nutraceutical and Functional Food Regulations, Nutraceutical and Functional Food Regulations","Theory, Practical, Theory, Theory, Practical, Theory, Practical",Master of Science (Nutraceuticals),31032023006
deepakshi.d@somaiya.edu,Dubey,Deepakshi,,3,"Sensory evaluation, toxicology, food additives, Sensory evaluation, toxicology, food additives, QA/QC and intellectual property rights, Packaging and Marketing of Nutraceutical products, Packaging and Marketing of Nutraceutical products, Nutraceutical and Functional Food Regulations, Nutraceutical and Functional Food Regulations","Theory, Practical, Theory, Theory, Practical, Theory, Practical",Master of Science (Nutraceuticals),31032023005
ishika.mm@somaiya.edu,Mehta,Ishika,Mahesh,3,"Sensory evaluation, toxicology, food additives, Sensory evaluation, toxicology, food additives, QA/QC and intellectual property rights, Packaging and Marketing of Nutraceutical products, Packaging and Marketing of Nutraceutical products, Nutraceutical and Functional Food Regulations, Nutraceutical and Functional Food Regulations","Theory, Practical, Theory, Theory, Practical, Theory, Practical",Master of Science (Nutraceuticals),31032023009
janhvi.mahalle@somaiya.edu,Mahalle,Janhvi,Shrikant,3,"Sensory evaluation, toxicology, food additives, Sensory evaluation, toxicology, food additives, QA/QC and intellectual property rights, Packaging and Marketing of Nutraceutical products, Packaging and Marketing of Nutraceutical products, Nutraceutical and Functional Food Regulations, Nutraceutical and Functional Food Regulations","Theory, Practical, Theory, Theory, Practical, Theory, Practical",Master of Science (Nutraceuticals),31032023008
jill.chhadwa@somaiya.edu,Chhadwa,Jill,Rajesh,3,"Sensory evaluation, toxicology, food additives, Sensory evaluation, toxicology, food additives, QA/QC and intellectual property rights, Packaging and Marketing of Nutraceutical products, Packaging and Marketing of Nutraceutical products, Nutraceutical and Functional Food Regulations, Nutraceutical and Functional Food Regulations","Theory, Practical, Theory, Theory, Practical, Theory, Practical",Master of Science (Nutraceuticals),31032023002
laxmipriya.t@somaiya.edu,Thevar,Laxmipriya,Elango,3,"Sensory evaluation, toxicology, food additives, Sensory evaluation, toxicology, food additives, QA/QC and intellectual property rights, Packaging and Marketing of Nutraceutical products, Packaging and Marketing of Nutraceutical products, Nutraceutical and Functional Food Regulations, Nutraceutical and Functional Food Regulations","Theory, Practical, Theory, Theory, Practical, Theory, Practical",Master of Science (Nutraceuticals),31032023018
mahima.bafna@somaiya.edu,Bafna,Mahima,Yashwant,3,"Sensory evaluation, toxicology, food additives, Sensory evaluation, toxicology, food additives, QA/QC and intellectual property rights, Packaging and Marketing of Nutraceutical products, Packaging and Marketing of Nutraceutical products, Nutraceutical and Functional Food Regulations, Nutraceutical and Functional Food Regulations","Theory, Practical, Theory, Theory, Practical, Theory, Practical",Master of Science (Nutraceuticals),31032023001
manjeeri.k@somaiya.edu,Kolte,Manjeeri,Pramod,3,"Sensory evaluation, toxicology, food additives, Sensory evaluation, toxicology, food additives, QA/QC and intellectual property rights, Packaging and Marketing of Nutraceutical products, Packaging and Marketing of Nutraceutical products, Nutraceutical and Functional Food Regulations, Nutraceutical and Functional Food Regulations","Theory, Practical, Theory, Theory, Practical, Theory, Practical",Master of Science (Nutraceuticals),31032023007
sakshi.didla@somaiya.edu,Didla,Sakshi,Ramarao,3,"Sensory evaluation, toxicology, food additives, Sensory evaluation, toxicology, food additives, QA/QC and intellectual property rights, Packaging and Marketing of Nutraceutical products, Packaging and Marketing of Nutraceutical products, Nutraceutical and Functional Food Regulations, Nutraceutical and Functional Food Regulations","Theory, Practical, Theory, Theory, Practical, Theory, Practical",Master of Science (Nutraceuticals),31032023003
sakshi.lp@somaiya.edu,Patil,Sakshi,Laxman,3,"Sensory evaluation, toxicology, food additives, Sensory evaluation, toxicology, food additives, QA/QC and intellectual property rights, Packaging and Marketing of Nutraceutical products, Packaging and Marketing of Nutraceutical products, Nutraceutical and Functional Food Regulations, Nutraceutical and Functional Food Regulations","Theory, Practical, Theory, Theory, Practical, Theory, Practical",Master of Science (Nutraceuticals),31032023012
saumya.welinkar@somaiya.edu,Welinkar,Saumya,Rajesh,3,"Sensory evaluation, toxicology, food additives, Sensory evaluation, toxicology, food additives, QA/QC and intellectual property rights, Packaging and Marketing of Nutraceutical products, Packaging and Marketing of Nutraceutical products, Nutraceutical and Functional Food Regulations, Nutraceutical and Functional Food Regulations","Theory, Practical, Theory, Theory, Practical, Theory, Practical",Master of Science (Nutraceuticals),31032023021
senthil.c@somaiya.edu,S,Hemasri,S,3,"Sensory evaluation, toxicology, food additives, Sensory evaluation, toxicology, food additives, QA/QC and intellectual property rights, Packaging and Marketing of Nutraceutical products, Packaging and Marketing of Nutraceutical products, Nutraceutical and Functional Food Regulations, Nutraceutical and Functional Food Regulations","Theory, Practical, Theory, Theory, Practical, Theory, Practical",Master of Science (Nutraceuticals),31032023022
tanaya.parad@somaiya.edu,Parad,Tanaya,Kishor,3,"Sensory evaluation, toxicology, food additives, Sensory evaluation, toxicology, food additives, QA/QC and intellectual property rights, Packaging and Marketing of Nutraceutical products, Packaging and Marketing of Nutraceutical products, Nutraceutical and Functional Food Regulations, Nutraceutical and Functional Food Regulations","Theory, Practical, Theory, Theory, Practical, Theory, Practical",Master of Science (Nutraceuticals),31032023023
vaishnavi.pandey@somaiya.edu,Pandey,Vaishnavi,Brijesh,3,"Sensory evaluation, toxicology, food additives, Sensory evaluation, toxicology, food additives, QA/QC and intellectual property rights, Packaging and Marketing of Nutraceutical products, Packaging and Marketing of Nutraceutical products, Nutraceutical and Functional Food Regulations, Nutraceutical and Functional Food Regulations","Theory, Practical, Theory, Theory, Practical, Theory, Practical",Master of Science (Nutraceuticals),31032023010
